{
    "aabb_scale": 4,
    "cx": 318.6430358886719,
    "cy": 255.31399536132813,
    "fl_x": 517.306396484375,
    "fl_y": 516.46923828125,
    "h": 480,
    "integer_depth_scale": 0.00019999999494757503,
    "k1": 0.26238301396369934,
    "k2": -0.9531040191650391,
    "offset": [
        0.699999988079071,
        0.5,
        0.10000000149011612
    ],
    "p1": -0.005357999820262194,
    "p2": 0.0026279999874532223,
    "scale": 0.33000001311302185,
    "w": 640
}
